Otes,Cranton,ocranton0@barnesandnoble.com,Male,Ndebele,Senior Sales Associate
Faustina,Stanaway,fstanaway1@shareasale.com,Female,Albanian,Systems Administrator II
Lil,Neagle,lneagle2@godaddy.com,Female,Belarusian,Executive Secretary
Kristi,Gallegos,kgallegos3@4shared.com,Female,Oriya,Financial Analyst
Miles,Whittington,mwhittington4@comsenz.com,Male,Somali,Data Coordiator
Wolfgang,Duckett,wduckett5@fc2.com,Male,Ndebele,Help Desk Operator
Marlow,Le Strange,mlestrange6@51.la,Male,Dari,Financial Analyst
Gerri,Gladbach,ggladbach7@friendfeed.com,Male,Fijian,VP Quality Control
Margie,Carson,mcarson8@independent.co.uk,Female,Aymara,Structural Engineer
Fredrick,Vinas,fvinas9@ifeng.com,Male,Spanish,Quality Control Specialist
Alyssa,Marchello,amarchelloa@xinhuanet.com,Female,Hindi,VP Product Management
Devan,Sheward,dshewardb@xrea.com,Female,Icelandic,GIS Technical Architect
Stacy,Lavrinov,slavrinovc@spiegel.de,Non-binary,Greek,Graphic Designer
Rhiamon,Bang,rbangd@google.com.au,Female,Māori,Environmental Specialist
Byron,Dumbreck,bdumbrecke@list-manage.com,Male,Pashto,Software Test Engineer III
Tomaso,Davoren,tdavorenf@cocolog-nifty.com,Male,Greek,Statistician IV
Lee,Thick,lthickg@washingtonpost.com,Male,West Frisian,Analyst Programmer
Peta,Hanscombe,phanscombeh@sun.com,Female,Gagauz,Mechanical Systems Engineer
Terri-jo,Gibbens,tgibbensi@facebook.com,Female,Latvian,Recruiter
Derward,Chittim,dchittimj@gov.uk,Male,Papiamento,Assistant Media Planner
Tucky,Medlar,tmedlark@uiuc.edu,Male,Afrikaans,Business Systems Development Analyst
Demetre,Tripet,dtripetl@sun.com,Male,Luxembourgish,Recruiter
Clemence,Burroughes,cburroughesm@examiner.com,Female,Kazakh,General Manager
Rosamond,Tolomei,rtolomein@acquirethisname.com,Female,Japanese,Actuary
Jorrie,Wessel,jwesselo@wordpress.org,Female,Persian,Product Engineer
Maynard,Zamboniari,mzamboniarip@artisteer.com,Male,Italian,Research Associate
Dewie,Tibald,dtibaldq@icq.com,Male,Hungarian,Associate Professor
Jackson,Haward,jhawardr@arstechnica.com,Male,Māori,Mechanical Systems Engineer
Hobard,Trudgeon,htrudgeons@bing.com,Male,Dzongkha,VP Accounting
Russ,Bewley,rbewleyt@time.com,Male,Greek,Web Developer II
Aldin,Angier,aangieru@opera.com,Male,Chinese,Associate Professor
Stacee,Sandwith,ssandwithv@tinyurl.com,Male,Indonesian,Cost Accountant
Cliff,Peters,cpetersw@cbsnews.com,Male,Maltese,Web Developer II
Marcella,Glasson,mglassonx@blinklist.com,Female,Georgian,Accountant IV
Domenico,Yakolev,dyakolevy@constantcontact.com,Male,Tok Pisin,Staff Scientist
Felicio,Frossell,ffrossellz@baidu.com,Bigender,Portuguese,Nuclear Power Engineer
Danni,Drysdale,ddrysdale10@g.co,Non-binary,Bengali,Project Manager
Osgood,Tudge,otudge11@ed.gov,Non-binary,Fijian,Database Administrator III
Edgard,Durant,edurant12@cnbc.com,Male,Bislama,Structural Engineer
Goraud,Quig,gquig13@google.it,Male,Kannada,Technical Writer
Earl,Mouan,emouan14@sourceforge.net,Male,Tok Pisin,Food Chemist
Ruthann,Clack,rclack15@free.fr,Female,Bengali,Media Manager III
Violetta,Cordingley,vcordingley16@nature.com,Female,Filipino,Web Developer II
Celisse,Oldknow,coldknow17@friendfeed.com,Female,Khmer,Graphic Designer
Bern,Woodhall,bwoodhall18@eepurl.com,Male,Irish Gaelic,Dental Hygienist
Kayla,Hancell,khancell19@washingtonpost.com,Female,Kurdish,Nurse Practicioner
Kirsten,Inwood,kinwood1a@google.com.au,Female,Bulgarian,Biostatistician IV
Baudoin,Romanini,bromanini1b@exblog.jp,Male,Malay,Internal Auditor
Robena,Kinmond,rkinmond1c@reference.com,Female,Malay,Recruiter
Leopold,Murford,lmurford1d@state.tx.us,Male,New Zealand Sign Language,Pharmacist
Fletch,Craske,fcraske1e@blogger.com,Male,Kazakh,Programmer III
Nat,Covotti,ncovotti1f@squidoo.com,Male,Haitian Creole,Account Representative III
Jermain,Benz,jbenz1g@dot.gov,Male,Tamil,Senior Quality Engineer
Putnem,Charon,pcharon1h@gravatar.com,Male,Ndebele,Speech Pathologist
Siffre,Boch,sboch1i@businessinsider.com,Polygender,German,Environmental Tech
Calla,Tunnock,ctunnock1j@yandex.ru,Female,German,VP Sales
Fancy,Gothrup,fgothrup1k@ebay.co.uk,Bigender,Lao,Professor
Gavin,Jendrusch,gjendrusch1l@example.com,Male,Afrikaans,Senior Editor
Whittaker,Drillingcourt,wdrillingcourt1m@apache.org,Polygender,Dari,Account Coordinator
Vanya,Forestel,vforestel1n@spiegel.de,Male,Romanian,Programmer III
Delmor,Rosenbush,drosenbush1o@edublogs.org,Male,Yiddish,Administrative Officer
Kandace,Beauvais,kbeauvais1p@uol.com.br,Female,English,Administrative Assistant IV
Brook,Wernher,bwernher1q@hugedomains.com,Male,Marathi,Senior Sales Associate
Vasilis,Sanders,vsanders1r@tripod.com,Male,Portuguese,Junior Executive
Wallis,Slayny,wslayny1s@behance.net,Male,Kazakh,General Manager
Nichols,Donet,ndonet1t@w3.org,Male,Portuguese,Chemical Engineer
Sorcha,Littell,slittell1u@amazon.com,Female,Assamese,General Manager
Wallie,Goodwell,wgoodwell1v@spiegel.de,Male,Mongolian,Administrative Officer
Morgana,Gordge,mgordge1w@go.com,Female,Gujarati,Help Desk Operator
Fifine,Brew,fbrew1x@boston.com,Female,Dzongkha,VP Sales
Luce,Cringle,lcringle1y@gravatar.com,Male,Danish,Operator
Maddy,Picardo,mpicardo1z@exblog.jp,Male,Dari,Database Administrator III
Allan,Joly,ajoly20@nps.gov,Non-binary,Kazakh,Marketing Manager
Lorna,Scargill,lscargill21@networkadvertising.org,Female,Guaraní,Administrative Officer
Garik,Iannazzi,giannazzi22@phoca.cz,Male,Icelandic,Help Desk Operator
Myrvyn,Storek,mstorek23@fastcompany.com,Male,Marathi,Geological Engineer
Saree,Devers,sdevers24@moonfruit.com,Female,Finnish,Administrative Officer
Chelsie,Bamlett,cbamlett25@ox.ac.uk,Female,Pashto,Budget/Accounting Analyst II
Gilberto,Devanny,gdevanny26@live.com,Male,New Zealand Sign Language,Media Manager IV
Orrin,Peddie,opeddie27@google.pl,Male,Azeri,Programmer III
Raychel,Humbert,rhumbert28@ask.com,Genderqueer,Gujarati,Account Representative I
Leon,Rabbet,lrabbet29@histats.com,Male,Papiamento,Geological Engineer
Celisse,Le Cornu,clecornu2a@microsoft.com,Female,Papiamento,Operator
Selie,Findon,sfindon2b@artisteer.com,Female,Danish,Media Manager I
Mandel,Sayse,msayse2c@microsoft.com,Male,Northern Sotho,VP Accounting
Selene,Windle,swindle2d@mapquest.com,Female,Dari,Sales Associate
Waneta,Clyma,wclyma2e@seesaa.net,Female,Māori,Junior Executive
Rachele,Darrington,rdarrington2f@go.com,Female,Nepali,Mechanical Systems Engineer
Cull,Coffin,ccoffin2g@usnews.com,Male,Dutch,Computer Systems Analyst IV
Padget,Bartoloma,pbartoloma2h@ow.ly,Male,Tsonga,Senior Financial Analyst
Chrystal,Ikins,cikins2i@aboutads.info,Female,Kazakh,VP Product Management
Hill,Endley,hendley2j@yolasite.com,Male,Armenian,Research Nurse
Juliana,Sire,jsire2k@psu.edu,Female,German,Account Executive
Lark,Artz,lartz2l@harvard.edu,Female,Tsonga,Research Assistant IV
Allx,Worton,aworton2m@github.com,Female,Telugu,Product Engineer
Phillipp,Skuse,pskuse2n@home.pl,Male,Portuguese,Marketing Assistant
Minda,Rutley,mrutley2o@google.pl,Female,Italian,Paralegal
Ciro,Millington,cmillington2p@163.com,Male,Kannada,Project Manager
Delia,Scrase,dscrase2q@intel.com,Female,Haitian Creole,Tax Accountant
Lynnette,Crighton,lcrighton2r@shareasale.com,Female,Macedonian,Biostatistician IV
Jeromy,Croucher,jcroucher2s@altervista.org,Male,Croatian,Editor
Mil,Dignum,mdignum2t@soup.io,Bigender,Dutch,Data Coordiator
Eugenius,Young,eyoung2u@ted.com,Male,Tswana,Automation Specialist II
Cecelia,Songist,csongist2v@princeton.edu,Female,Albanian,Environmental Tech
Erasmus,Dickinson,edickinson2w@infoseek.co.jp,Male,Aymara,Quality Engineer
Orsa,Pentlow,opentlow2x@google.cn,Female,Zulu,Assistant Professor
Alan,Tumelty,atumelty2y@cisco.com,Male,Bislama,Teacher
Kayley,Batter,kbatter2z@ucsd.edu,Agender,Lithuanian,Senior Cost Accountant
Smith,Gisbourn,sgisbourn30@photobucket.com,Male,Tajik,Legal Assistant
Heddie,Allanby,hallanby31@yolasite.com,Female,Portuguese,Recruiting Manager
Dyana,Dressel,ddressel32@xrea.com,Female,Chinese,VP Marketing
Waylen,Leatherborrow,wleatherborrow33@scientificamerican.com,Male,Romanian,Food Chemist
Reed,Scourgie,rscourgie34@wired.com,Male,Burmese,Desktop Support Technician
Laural,Poulson,lpoulson35@house.gov,Female,Khmer,Assistant Professor
Robbyn,Gianullo,rgianullo36@google.nl,Non-binary,Burmese,Design Engineer
Buiron,Staves,bstaves37@ox.ac.uk,Male,Lao,Product Engineer
Ingaborg,Herrema,iherrema38@google.com,Female,Indonesian,Administrative Assistant II
Elie,Galey,egaley39@fema.gov,Polygender,New Zealand Sign Language,Accounting Assistant II
Dianne,Adnam,dadnam3a@walmart.com,Agender,Luxembourgish,Analog Circuit Design manager
Lorri,Domanek,ldomanek3b@opera.com,Female,Zulu,Recruiting Manager
Mohammed,Damarell,mdamarell3c@miibeian.gov.cn,Male,Gujarati,Internal Auditor
Anthiathia,Denson,adenson3d@un.org,Female,Kazakh,Data Coordiator
Ibby,Piers,ipiers3e@nih.gov,Female,Icelandic,Payment Adjustment Coordinator
Claudetta,Sperry,csperry3f@livejournal.com,Genderqueer,Bulgarian,Pharmacist
Gay,Mallord,gmallord3g@yellowpages.com,Male,French,Civil Engineer
Quintilla,Sawart,qsawart3h@yelp.com,Female,Haitian Creole,Computer Systems Analyst I
Lorene,Reyson,lreyson3i@nationalgeographic.com,Female,Luxembourgish,Software Test Engineer IV
Armin,Le Jean,alejean3j@uol.com.br,Male,Māori,Chemical Engineer
Luise,Dudney,ldudney3k@exblog.jp,Female,Montenegrin,Recruiter
Ardra,Petrushanko,apetrushanko3l@nature.com,Female,Macedonian,Marketing Assistant
Elfie,Corsan,ecorsan3m@lycos.com,Female,Amharic,Director of Sales
Kermy,Luton,kluton3n@youku.com,Male,Quechua,Senior Developer
Mufinella,O'Giany,mogiany3o@multiply.com,Female,Kannada,Geological Engineer
Maximilianus,Kettridge,mkettridge3p@economist.com,Male,Lao,Librarian
Dee dee,Ellerker,dellerker3q@unblog.fr,Female,Luxembourgish,Legal Assistant
Sean,Gregolotti,sgregolotti3r@google.ru,Bigender,Hebrew,Account Coordinator
Nicolette,Erskine Sandys,nerskinesandys3s@icq.com,Female,Gujarati,Design Engineer
Elmer,McGuggy,emcguggy3t@cdbaby.com,Male,Ndebele,Data Coordiator
Dalli,Chisnall,dchisnall3u@springer.com,Genderqueer,Danish,Structural Analysis Engineer
Lusa,Lawlan,llawlan3v@businesswire.com,Female,Aymara,Biostatistician I
Eward,Tremaine,etremaine3w@tinypic.com,Male,Portuguese,Account Coordinator
Fabe,Dennidge,fdennidge3x@ebay.com,Male,Belarusian,Design Engineer
Jolee,Piscotti,jpiscotti3y@cdc.gov,Female,Romanian,Accountant II
Floria,Douty,fdouty3z@blogs.com,Female,Swedish,Budget/Accounting Analyst IV
Kalinda,Kenninghan,kkenninghan40@storify.com,Female,Khmer,Compensation Analyst
Rosie,Waddingham,rwaddingham41@surveymonkey.com,Female,Bengali,Programmer Analyst III
Lind,Lock,llock42@toplist.cz,Female,Marathi,Senior Quality Engineer
Bibbie,Noraway,bnoraway43@statcounter.com,Female,Malagasy,Design Engineer
Erinn,Brickner,ebrickner44@reverbnation.com,Female,Filipino,Sales Associate
Bayard,Wyndham,bwyndham45@jugem.jp,Male,Macedonian,Computer Systems Analyst I
Stearn,Ickowicz,sickowicz46@infoseek.co.jp,Male,Kyrgyz,Software Test Engineer I
Sheffield,Devons,sdevons47@dell.com,Male,Belarusian,GIS Technical Architect
Marilee,Itzkov,mitzkov48@bbb.org,Female,Guaraní,Administrative Officer
Betteanne,Dayborne,bdayborne49@mashable.com,Female,Afrikaans,Registered Nurse
Israel,Shepherdson,ishepherdson4a@bluehost.com,Male,West Frisian,VP Quality Control
Adrianna,Dawber,adawber4b@vimeo.com,Female,Bislama,Senior Cost Accountant
Pat,Frankcombe,pfrankcombe4c@senate.gov,Female,New Zealand Sign Language,Computer Systems Analyst II
Niel,Luggar,nluggar4d@mysql.com,Male,Indonesian,Editor
Bond,Paddle,bpaddle4e@nature.com,Male,Northern Sotho,Graphic Designer
Kerwinn,Jaffra,kjaffra4f@mail.ru,Male,Somali,Speech Pathologist
Ronnica,Elphinston,relphinston4g@apache.org,Female,Tsonga,Analog Circuit Design manager
Rhoda,Schenkel,rschenkel4h@imgur.com,Female,Sotho,Engineer IV
Fonz,Siggers,fsiggers4i@1688.com,Male,Aymara,Research Associate
Lorain,Vizor,lvizor4j@bravesites.com,Female,Japanese,Automation Specialist IV
Vina,Desmond,vdesmond4k@sciencedirect.com,Genderfluid,Tswana,Nurse Practicioner
Kylynn,Christoffersen,kchristoffersen4l@state.gov,Female,Quechua,Dental Hygienist
Derk,Dawid,ddawid4m@so-net.ne.jp,Male,Lao,Structural Analysis Engineer
Waldo,Ksandra,wksandra4n@nhs.uk,Male,Hiri Motu,Civil Engineer
Mavis,Ounsworth,mounsworth4o@netvibes.com,Female,Aymara,Design Engineer
Odessa,Gotcliffe,ogotcliffe4p@mashable.com,Female,Mongolian,Assistant Professor
Robbyn,Stanfield,rstanfield4q@xrea.com,Female,Tamil,Administrative Officer
Layne,Bootherstone,lbootherstone4r@japanpost.jp,Female,Pashto,Teacher
Roddy,Walas,rwalas4s@yale.edu,Male,Telugu,Nuclear Power Engineer
Marena,Swinney,mswinney4t@weather.com,Female,Romanian,General Manager
Chicky,Gherardelli,cgherardelli4u@hp.com,Female,Kashmiri,Senior Editor
Christian,Marvin,cmarvin4v@ibm.com,Female,Nepali,Biostatistician IV
Rodrick,Moxted,rmoxted4w@booking.com,Male,Swedish,VP Product Management
Nial,Rallinshaw,nrallinshaw4x@soundcloud.com,Male,Dari,Safety Technician III
Leoline,Giacomi,lgiacomi4y@wikipedia.org,Female,Somali,Operator
Ardys,Curnokk,acurnokk4z@seattletimes.com,Female,Hindi,Biostatistician III
Tedman,Bruhke,tbruhke50@answers.com,Male,Guaraní,GIS Technical Architect
Alano,Pollastro,apollastro51@comcast.net,Male,Tamil,Software Engineer I
Rafael,Akhurst,rakhurst52@jiathis.com,Male,Persian,Environmental Specialist
Desmund,Tollerton,dtollerton53@arizona.edu,Male,Armenian,Nurse Practicioner
Glendon,Holtham,gholtham54@canalblog.com,Male,Icelandic,Administrative Officer
Siana,Mc Dermid,smcdermid55@google.com.br,Female,Arabic,Associate Professor
Ilene,D'Avaux,idavaux56@netlog.com,Female,Lao,Recruiting Manager
Darcee,Waddingham,dwaddingham57@gravatar.com,Female,Telugu,Accountant IV
Dayle,Estick,destick58@gmpg.org,Polygender,Tok Pisin,Project Manager
Ayn,Miliffe,amiliffe59@ovh.net,Female,Kurdish,Software Test Engineer I
Bram,Cristoforo,bcristoforo5a@usda.gov,Male,Amharic,Senior Cost Accountant
Romain,Tomlinson,rtomlinson5b@reverbnation.com,Male,Māori,Safety Technician III
Rhoda,Hartness,rhartness5c@skype.com,Female,Swahili,Accounting Assistant II
Kala,Scanterbury,kscanterbury5d@theatlantic.com,Female,Kurdish,Occupational Therapist
Ddene,Croyden,dcroyden5e@ucsd.edu,Female,Catalan,Human Resources Manager
Kandy,Youles,kyoules5f@irs.gov,Female,Italian,Food Chemist
Martie,MacQuarrie,mmacquarrie5g@photobucket.com,Female,Danish,Account Coordinator
Estele,Truran,etruran5h@shutterfly.com,Female,Yiddish,Database Administrator I
Amory,Joost,ajoost5i@yolasite.com,Male,Kashmiri,Senior Editor
Aleksandr,Kinforth,akinforth5j@fda.gov,Male,French,Media Manager IV
Bernhard,Willson,bwillson5k@nytimes.com,Male,Oriya,Graphic Designer
Carling,Lobley,clobley5l@prnewswire.com,Genderfluid,Māori,Systems Administrator III
Hedvige,Troni,htroni5m@aboutads.info,Female,Punjabi,Cost Accountant
Sauveur,Torel,storel5n@hibu.com,Male,Italian,Account Executive
Ellie,Maccrae,emaccrae5o@diigo.com,Female,Malayalam,Payment Adjustment Coordinator
Vannie,Niemetz,vniemetz5p@multiply.com,Female,Armenian,Executive Secretary
Ferrell,Tabrett,ftabrett5q@ovh.net,Male,Afrikaans,Structural Analysis Engineer
Anatol,Antonowicz,aantonowicz5r@livejournal.com,Male,Lao,VP Marketing
Bobbie,Richards,brichards5s@4shared.com,Female,Malay,Internal Auditor
Dieter,Cops,dcops5t@hao123.com,Male,Haitian Creole,Accounting Assistant I
Sioux,Summersett,ssummersett5u@pbs.org,Female,Filipino,Statistician IV
Hayyim,Halward,hhalward5v@wikimedia.org,Male,Haitian Creole,Dental Hygienist
Muriel,Frugier,mfrugier5w@alibaba.com,Female,Sotho,Account Coordinator
Torrance,Goves,tgoves5x@privacy.gov.au,Male,Korean,Marketing Manager
Loise,Rogeon,lrogeon5y@archive.org,Female,Dari,Staff Scientist
Rory,Leyband,rleyband5z@techcrunch.com,Male,Gagauz,Design Engineer
Torr,Jakobssen,tjakobssen60@wired.com,Male,Bosnian,Senior Developer
Celestia,Brough,cbrough61@state.tx.us,Female,Indonesian,Editor
Daisie,Isack,disack62@w3.org,Female,Danish,Graphic Designer
Melodie,Ciccarelli,mciccarelli63@guardian.co.uk,Bigender,Dzongkha,Assistant Media Planner
Elfrieda,Bruinemann,ebruinemann64@wunderground.com,Female,Telugu,Junior Executive
Di,Whitwham,dwhitwham65@phoca.cz,Female,Hungarian,Desktop Support Technician
Karlens,Sarver,ksarver66@npr.org,Male,Northern Sotho,Analyst Programmer
Gardy,Shepherd,gshepherd67@bravesites.com,Male,Romanian,Senior Quality Engineer
Willow,Doxey,wdoxey68@arizona.edu,Female,Romanian,Structural Engineer
Estella,Winders,ewinders69@buzzfeed.com,Female,Filipino,Design Engineer
Claudia,Snaddon,csnaddon6a@bbb.org,Female,Italian,Tax Accountant
Aveline,Merricks,amerricks6b@mapy.cz,Female,Tok Pisin,Physical Therapy Assistant
Fraser,Moreby,fmoreby6c@msn.com,Male,Sotho,VP Accounting
Neysa,Gracewood,ngracewood6d@dot.gov,Female,Portuguese,Quality Control Specialist
Janella,Rookesby,jrookesby6e@amazon.co.uk,Female,Swedish,VP Sales
Ximenes,Gooday,xgooday6f@squidoo.com,Male,Malay,Senior Cost Accountant
Valentina,Laba,vlaba6g@prweb.com,Female,Thai,Executive Secretary
Torey,Loble,tloble6h@nature.com,Polygender,Yiddish,Electrical Engineer
Tristan,Smith,tsmith6i@desdev.cn,Male,Haitian Creole,Legal Assistant
Denys,Gore,dgore6j@cloudflare.com,Male,Spanish,Sales Associate
Jamal,Leijs,jleijs6k@yellowpages.com,Genderqueer,Hebrew,Nurse
Janetta,Totterdell,jtotterdell6l@admin.ch,Female,Aymara,Desktop Support Technician
Hollis,Hambly,hhambly6m@slideshare.net,Agender,Estonian,Junior Executive
Louisa,Royal,lroyal6n@techcrunch.com,Female,Amharic,Structural Engineer
Luca,Burburough,lburburough6o@pen.io,Male,Hebrew,Project Manager
Luke,Estoile,lestoile6p@homestead.com,Male,Kyrgyz,Biostatistician IV
Loydie,Creech,lcreech6q@stumbleupon.com,Male,Macedonian,Research Nurse
Roseann,Cowan,rcowan6r@narod.ru,Female,Swedish,Financial Advisor
Gardy,Lock,glock6s@washington.edu,Male,Assamese,Analyst Programmer
Stephie,Coney,sconey6t@mozilla.org,Female,Kurdish,Database Administrator III
Hartley,Spiring,hspiring6u@army.mil,Male,Malay,VP Product Management
Jenifer,Binge,jbinge6v@technorati.com,Female,Hindi,Physical Therapy Assistant
Katrina,Vassbender,kvassbender6w@msu.edu,Female,Persian,Clinical Specialist
Harold,Orrocks,horrocks6x@joomla.org,Male,Persian,Senior Cost Accountant
Vickie,Swaddle,vswaddle6y@blog.com,Female,Indonesian,Quality Control Specialist
Titos,Gilstin,tgilstin6z@spotify.com,Male,Montenegrin,Automation Specialist III
Kaleena,Burlay,kburlay70@ucoz.com,Female,Hindi,Research Assistant IV
Miguel,Boolsen,mboolsen71@rakuten.co.jp,Male,Gagauz,Data Coordiator
Humfrey,Bridgestock,hbridgestock72@ustream.tv,Male,Mongolian,Human Resources Manager
Lynn,McPherson,lmcpherson73@histats.com,Female,Armenian,Environmental Tech
Raddie,Dickey,rdickey74@hostgator.com,Male,Icelandic,Associate Professor
Ivett,Royan,iroyan75@dell.com,Female,Dari,Recruiter
Kelcey,Balffye,kbalffye76@ihg.com,Female,Finnish,Human Resources Manager
Doe,Seedhouse,dseedhouse77@ifeng.com,Polygender,Dari,Nurse Practicioner
Lotty,Obray,lobray78@slideshare.net,Female,Belarusian,Physical Therapy Assistant
Rawley,Bergen,rbergen79@flickr.com,Male,Latvian,Safety Technician III
Bibbie,Ivankov,bivankov7a@hud.gov,Female,Malayalam,Desktop Support Technician
Malia,Iffland,miffland7b@wordpress.com,Non-binary,Burmese,Staff Accountant II
Webster,Densumbe,wdensumbe7c@symantec.com,Male,Moldovan,Compensation Analyst
Konrad,Duquesnay,kduquesnay7d@princeton.edu,Male,Portuguese,Human Resources Assistant II
Chadwick,Bayns,cbayns7e@sina.com.cn,Non-binary,Somali,Software Engineer I
Alphard,Aldins,aaldins7f@timesonline.co.uk,Male,Estonian,Technical Writer
Orv,Dorrity,odorrity7g@istockphoto.com,Genderqueer,Belarusian,Analog Circuit Design manager
Emelen,Hannan,ehannan7h@plala.or.jp,Male,Malagasy,Research Associate
Annette,Madsen,amadsen7i@unblog.fr,Female,Quechua,Technical Writer
Leonie,Beggin,lbeggin7j@msn.com,Female,Greek,Marketing Manager
Brande,Freear,bfreear7k@amazon.de,Female,Belarusian,Associate Professor
Barbee,Carnilian,bcarnilian7l@indiatimes.com,Female,Dutch,VP Quality Control
Luigi,Walford,lwalford7m@harvard.edu,Male,Zulu,VP Sales
Gabrielle,Celiz,gceliz7n@businessinsider.com,Female,Gagauz,Software Consultant
David,Petrushkevich,dpetrushkevich7o@goodreads.com,Male,Amharic,Paralegal
Sherye,Osboldstone,sosboldstone7p@elpais.com,Female,Czech,Research Nurse
Purcell,Smalecombe,psmalecombe7q@flavors.me,Male,Armenian,Human Resources Assistant III
Siusan,Philpin,sphilpin7r@de.vu,Female,Montenegrin,Cost Accountant
Lloyd,Jedrych,ljedrych7s@macromedia.com,Male,Quechua,Senior Financial Analyst
Sonnie,Phelip,sphelip7t@nhs.uk,Female,Norwegian,Recruiter
Maribeth,Itzakson,mitzakson7u@yellowpages.com,Female,Arabic,GIS Technical Architect
Berke,Swaisland,bswaisland7v@un.org,Male,Tamil,Tax Accountant
Rona,Rosenbush,rrosenbush7w@squidoo.com,Agender,German,Financial Advisor
Celestyn,Besemer,cbesemer7x@goo.gl,Female,Hebrew,Quality Engineer
Moore,Behneke,mbehneke7y@smugmug.com,Male,Punjabi,Staff Scientist
Orville,Ganter,oganter7z@addtoany.com,Male,Bengali,Marketing Manager
Flory,Marling,fmarling80@noaa.gov,Male,Haitian Creole,Research Nurse
Gerek,Thorrington,gthorrington81@multiply.com,Male,Gujarati,Product Engineer
Bartolomeo,Rowntree,browntree82@virginia.edu,Male,Assamese,Graphic Designer
Lotti,Kemmish,lkemmish83@yellowpages.com,Female,Tajik,Nurse
Jacobo,Weatherby,jweatherby84@tuttocitta.it,Male,Latvian,Payment Adjustment Coordinator
Karin,Westmorland,kwestmorland85@vinaora.com,Female,Kyrgyz,Health Coach III
Octavius,Stuther,ostuther86@mail.ru,Male,Catalan,Associate Professor
Shamus,Lavarack,slavarack87@slate.com,Male,Swahili,VP Marketing
Deidre,Prover,dprover88@washington.edu,Female,Gagauz,Data Coordiator
Cynthia,Drugan,cdrugan89@netlog.com,Bigender,Bosnian,Junior Executive
Conant,Menear,cmenear8a@ifeng.com,Genderqueer,Icelandic,Graphic Designer
Alisander,Skains,askains8b@xinhuanet.com,Male,Swati,Editor
Delano,Houdmont,dhoudmont8c@storify.com,Male,Danish,Geologist II
Friederike,Blaycock,fblaycock8d@wikia.com,Genderqueer,Hiri Motu,Geologist II
Leena,Timpany,ltimpany8e@archive.org,Agender,Swahili,Programmer Analyst II
Eolande,Carnihan,ecarnihan8f@rambler.ru,Female,Swahili,Executive Secretary
Stern,Walthall,swalthall8g@4shared.com,Male,Azeri,Desktop Support Technician
Fae,Brogan,fbrogan8h@marketwatch.com,Female,Lao,Registered Nurse
Dieter,Bracknall,dbracknall8i@sohu.com,Male,French,General Manager
Even,Moncrieffe,emoncrieffe8j@rambler.ru,Male,Amharic,Developer III
Bjorn,Shafier,bshafier8k@themeforest.net,Male,Nepali,Engineer II
Robinette,Knox,rknox8l@spotify.com,Female,Romanian,Internal Auditor
Boyce,Caville,bcaville8m@netlog.com,Male,Malayalam,VP Quality Control
Cale,Cullnean,ccullnean8n@infoseek.co.jp,Male,Latvian,Registered Nurse
Shepherd,Dunckley,sdunckley8o@ft.com,Male,Polish,Nurse
Ambur,Mc Mechan,amcmechan8p@fema.gov,Female,Maltese,Account Coordinator
Johan,Huelin,jhuelin8q@statcounter.com,Male,Telugu,Social Worker
Merwin,Jefferies,mjefferies8r@webs.com,Male,Thai,Marketing Manager
Ashton,Goodridge,agoodridge8s@creativecommons.org,Male,Japanese,Sales Representative
Modestia,Labon,mlabon8t@economist.com,Female,Sotho,Financial Advisor
Andonis,Peniello,apeniello8u@ftc.gov,Male,Marathi,Compensation Analyst
Salli,Peyto,speyto8v@google.co.jp,Female,Moldovan,Business Systems Development Analyst
Forbes,Gidney,fgidney8w@upenn.edu,Male,Thai,Dental Hygienist
Jermayne,Pottes,jpottes8x@yellowpages.com,Male,Lao,Operator
Edsel,Files,efiles8y@va.gov,Male,Swati,Cost Accountant
Jerad,Milland,jmilland8z@vimeo.com,Male,Croatian,Geological Engineer
Zuzana,Collocott,zcollocott90@nydailynews.com,Female,Tsonga,Analyst Programmer
Erica,Rallinshaw,erallinshaw91@ycombinator.com,Female,Zulu,Physical Therapy Assistant
Randall,Pengilly,rpengilly92@mapquest.com,Male,Georgian,VP Accounting
Charlie,Pablos,cpablos93@nyu.edu,Male,Tajik,Safety Technician III
Carleen,Hazlehurst,chazlehurst94@arizona.edu,Female,Marathi,Tax Accountant
Halsey,Gooday,hgooday95@salon.com,Male,Korean,Business Systems Development Analyst
Darice,Botham,dbotham96@howstuffworks.com,Female,Burmese,VP Marketing
Knox,Tabourel,ktabourel97@weibo.com,Male,Tajik,Senior Developer
Wilone,Mollison,wmollison98@netscape.com,Female,Swahili,Operator
Miguel,Chatterton,mchatterton99@live.com,Male,Moldovan,Sales Associate
Ham,Duley,hduley9a@bizjournals.com,Male,Irish Gaelic,Business Systems Development Analyst
Marta,Ibbett,mibbett9b@domainmarket.com,Female,Filipino,Marketing Manager
Lyle,Nunnery,lnunnery9c@flavors.me,Male,English,Nuclear Power Engineer
Elora,Bewicke,ebewicke9d@unblog.fr,Female,Maltese,Junior Executive
Janene,Sore,jsore9e@cnn.com,Female,Gujarati,Legal Assistant
Bliss,Pride,bpride9f@gmpg.org,Female,Bosnian,Senior Financial Analyst
Byran,Seid,bseid9g@abc.net.au,Male,Hebrew,Business Systems Development Analyst
Ardene,Bernli,abernli9h@blogger.com,Female,Northern Sotho,Recruiter
Greta,Girardet,ggirardet9i@github.io,Female,German,Media Manager II
Carlee,De Leek,cdeleek9j@marriott.com,Female,Oriya,Recruiter
Yorke,Biggadike,ybiggadike9k@opera.com,Male,Aymara,Environmental Specialist
Chastity,McCrorie,cmccrorie9l@cbc.ca,Female,Oriya,Payment Adjustment Coordinator
Rab,Old,rold9m@sourceforge.net,Male,Tamil,Nuclear Power Engineer
Gabriello,Aldham,galdham9n@archive.org,Male,Estonian,Payment Adjustment Coordinator
Patin,Royan,proyan9o@aol.com,Male,Tetum,Safety Technician II
Dee,Philliskirk,dphilliskirk9p@delicious.com,Female,Amharic,Assistant Professor
Raymund,Gillham,rgillham9q@cmu.edu,Male,Italian,Research Associate
Claudine,Robertazzi,crobertazzi9r@pbs.org,Female,Montenegrin,Safety Technician I
Kelby,Skurray,kskurray9s@cbsnews.com,Male,Dutch,Automation Specialist III
Irita,Armall,iarmall9t@china.com.cn,Female,Afrikaans,Engineer II
Dulce,Ambrosini,dambrosini9u@arstechnica.com,Female,Tsonga,Tax Accountant
Melicent,Kingcott,mkingcott9v@wunderground.com,Female,Armenian,Registered Nurse
Madlin,Cator,mcator9w@seesaa.net,Female,Tok Pisin,Senior Cost Accountant
Blaire,Crockley,bcrockley9x@hud.gov,Female,Catalan,Project Manager
Bailie,Di Francesco,bdifrancesco9y@macromedia.com,Male,German,Software Consultant
Claus,Pillans,cpillans9z@qq.com,Male,Amharic,Research Associate
Isahella,Feasby,ifeasbya0@edublogs.org,Female,Hungarian,Engineer I
Thurston,Hrinishin,thrinishina1@who.int,Male,Quechua,Assistant Media Planner
Rubie,Haymes,rhaymesa2@ebay.com,Female,Somali,Senior Quality Engineer
Franz,Smallcomb,fsmallcomba3@g.co,Male,Oriya,Environmental Tech
Brnaba,Fairrie,bfairriea4@yahoo.co.jp,Male,Lao,Data Coordiator
Shermy,Vern,sverna5@t.co,Agender,Assamese,Help Desk Operator
Fidel,Duckit,fduckita6@behance.net,Male,Albanian,Food Chemist
Jared,Cleworth,jclewortha7@usatoday.com,Male,Icelandic,Technical Writer
Cindi,Gammell,cgammella8@ustream.tv,Female,Tswana,Senior Sales Associate
Dyann,Sprowell,dsprowella9@shareasale.com,Female,Bosnian,Executive Secretary
Jessalin,Stampfer,jstampferaa@bizjournals.com,Female,Italian,Financial Advisor
Fulton,Wybern,fwybernab@pen.io,Male,Persian,Registered Nurse
Emelina,Gregoletti,egregolettiac@patch.com,Female,Finnish,Software Consultant
Pooh,Vaadeland,pvaadelandad@deliciousdays.com,Agender,Hindi,Technical Writer
Dav,McCoveney,dmccoveneyae@intel.com,Male,German,Office Assistant I
Nolan,Scholtis,nscholtisaf@dropbox.com,Male,Amharic,Payment Adjustment Coordinator
Milicent,Sturges,msturgesag@indiatimes.com,Female,Filipino,Operator
Rickert,Swatton,rswattonah@netscape.com,Male,Gagauz,Technical Writer
Creight,Christofle,cchristofleai@yale.edu,Male,Aymara,Human Resources Assistant II
Brigida,Rooksby,brooksbyaj@xing.com,Female,Armenian,Assistant Media Planner
Kristoforo,McGahy,kmcgahyak@hatena.ne.jp,Male,Pashto,Staff Accountant II
Gwenneth,Arnaudon,garnaudonal@twitter.com,Female,Gagauz,Technical Writer
Teena,Cornau,tcornauam@ft.com,Female,Amharic,Database Administrator I
Stanton,Hicklingbottom,shicklingbottoman@patch.com,Non-binary,Malay,Engineer II
Lizzy,Sherer,lshererao@blinklist.com,Female,Bislama,Research Associate
Ashlee,Barkas,abarkasap@wikimedia.org,Female,Aymara,Office Assistant II
Huberto,Rose,hroseaq@hexun.com,Male,Aymara,Senior Quality Engineer
Hershel,Edleston,hedlestonar@networksolutions.com,Male,Māori,Sales Associate
Sebastien,Pitkethly,spitkethlyas@soup.io,Male,Somali,Director of Sales
Durward,Kilmary,dkilmaryat@delicious.com,Male,Latvian,Senior Developer
Sharleen,Daenen,sdaenenau@amazon.co.jp,Female,Mongolian,Geologist I
Janene,Berthouloume,jberthouloumeav@linkedin.com,Female,Filipino,Health Coach III
Malina,Deering,mdeeringaw@typepad.com,Female,Korean,VP Product Management
Sandor,Joret,sjoretax@sphinn.com,Male,Belarusian,Design Engineer
Pip,Melly,pmellyay@nationalgeographic.com,Agender,Hindi,Associate Professor
Brear,Bavidge,bbavidgeaz@yale.edu,Female,Tok Pisin,Environmental Specialist
Susanetta,Caddens,scaddensb0@cpanel.net,Female,English,Dental Hygienist
Valentijn,Tullett,vtullettb1@cnbc.com,Male,Tok Pisin,Editor
Amitie,Swanwick,aswanwickb2@ihg.com,Female,Amharic,Physical Therapy Assistant
Hettie,Clerke,hclerkeb3@sohu.com,Female,Gagauz,Account Executive
Marci,Lagadu,mlagadub4@oakley.com,Female,Gujarati,Professor
Anestassia,Georgius,ageorgiusb5@drupal.org,Female,Gujarati,Tax Accountant
Wakefield,Patifield,wpatifieldb6@techcrunch.com,Male,Croatian,Teacher
Isa,Reina,ireinab7@domainmarket.com,Male,Malayalam,Director of Sales
Webb,Heal,whealb8@prlog.org,Male,Haitian Creole,Statistician IV
Ferrell,Mannion,fmannionb9@virginia.edu,Male,Luxembourgish,General Manager
Octavius,Slewcock,oslewcockba@google.pl,Male,Hebrew,Biostatistician I
Maximo,Bonnick,mbonnickbb@house.gov,Agender,Irish Gaelic,Budget/Accounting Analyst II
Missy,Matchett,mmatchettbc@slideshare.net,Female,Tamil,Software Engineer IV
Marybeth,Favelle,mfavellebd@google.com.au,Non-binary,Tajik,Nuclear Power Engineer
Allyn,Chillingworth,achillingworthbe@de.vu,Bigender,Kashmiri,Database Administrator IV
Hobart,Spirritt,hspirrittbf@deliciousdays.com,Male,French,Mechanical Systems Engineer
Myrna,Ledstone,mledstonebg@mail.ru,Female,Tok Pisin,Programmer I
Zechariah,Stileman,zstilemanbh@etsy.com,Male,Greek,Nurse Practicioner
Tatiana,Kielty,tkieltybi@adobe.com,Female,Tamil,Nurse Practicioner
Abner,O'Bruen,aobruenbj@si.edu,Male,English,Analyst Programmer
Wallache,De Ruggiero,wderuggierobk@geocities.com,Male,Dzongkha,Assistant Manager
Freeland,Lorkings,florkingsbl@howstuffworks.com,Male,Maltese,Chief Design Engineer
Alfred,Blaase,ablaasebm@clickbank.net,Male,Marathi,GIS Technical Architect
Boonie,Cawdron,bcawdronbn@mediafire.com,Male,Kazakh,Assistant Manager
Ewart,Lidbetter,elidbetterbo@mashable.com,Male,Guaraní,Assistant Manager
Morten,Dabels,mdabelsbp@exblog.jp,Male,Afrikaans,Paralegal
Burnaby,Dimitru,bdimitrubq@instagram.com,Male,Dhivehi,Paralegal
Rochester,Cavendish,rcavendishbr@bloglines.com,Male,Mongolian,Recruiter
Meghann,Andress,mandressbs@stumbleupon.com,Female,Filipino,VP Sales
Mano,Cottrill,mcottrillbt@com.com,Male,Indonesian,Executive Secretary
Luigi,Breinl,lbreinlbu@vk.com,Male,Icelandic,Account Executive
Ari,Gilfoyle,agilfoylebv@hao123.com,Male,Dari,Sales Representative
Jamie,Creane,jcreanebw@yellowpages.com,Female,Burmese,Paralegal
Dallis,Yglesia,dyglesiabx@nymag.com,Male,Papiamento,Financial Advisor
Daron,McPhilip,dmcphilipby@wiley.com,Female,Maltese,Senior Developer
Tallou,Hoggan,thogganbz@surveymonkey.com,Female,Montenegrin,Sales Representative
Bowie,Storrock,bstorrockc0@china.com.cn,Male,Tswana,Senior Cost Accountant
Roman,Knutsen,rknutsenc1@zdnet.com,Male,English,Quality Control Specialist
Bunni,Reuss,breussc2@independent.co.uk,Female,Malay,Software Consultant
Collin,Gunther,cguntherc3@bizjournals.com,Male,Marathi,Automation Specialist III
Steffie,Sommer,ssommerc4@nasa.gov,Genderfluid,Papiamento,Nurse Practicioner
Jessalin,Worham,jworhamc5@harvard.edu,Female,Assamese,GIS Technical Architect
Cosimo,Gilbride,cgilbridec6@free.fr,Male,Dari,VP Marketing
Orelie,Simkovitz,osimkovitzc7@github.io,Female,Kyrgyz,Desktop Support Technician
Constancy,Leamy,cleamyc8@kickstarter.com,Female,Ndebele,Chemical Engineer
Catharine,Dodshon,cdodshonc9@theglobeandmail.com,Female,Punjabi,Quality Control Specialist
Ronna,Ackred,rackredca@wix.com,Female,Norwegian,Speech Pathologist
Faustina,Durden,fdurdencb@time.com,Female,Hungarian,Operator
Pat,Rodda,proddacc@businessinsider.com,Genderfluid,Yiddish,Legal Assistant
Emanuele,Skilton,eskiltoncd@guardian.co.uk,Genderqueer,Belarusian,Product Engineer
Friedrick,Boice,fboicece@dyndns.org,Male,Albanian,Operator
Erena,Oakley,eoakleycf@bizjournals.com,Female,Gujarati,Human Resources Manager
Christan,Hardaway,chardawaycg@npr.org,Female,Bengali,Chief Design Engineer
Marlee,Andrelli,mandrellich@abc.net.au,Female,Albanian,Librarian
Kitty,Zaple,kzapleci@angelfire.com,Female,Tetum,Accounting Assistant IV
Eachelle,Sheran,esherancj@amazonaws.com,Female,Bulgarian,Internal Auditor
Alana,Kelshaw,akelshawck@hc360.com,Female,Lao,Web Developer IV
Rancell,Effemy,reffemycl@pagesperso-orange.fr,Male,Haitian Creole,Geological Engineer
Orelle,Infante,oinfantecm@japanpost.jp,Female,Kyrgyz,Budget/Accounting Analyst III
Barnett,O'Docherty,bodochertycn@sakura.ne.jp,Male,Papiamento,Account Coordinator
Theodosia,Muncey,tmunceyco@spotify.com,Genderqueer,Georgian,VP Product Management
Hatti,Grealy,hgrealycp@free.fr,Female,Chinese,VP Marketing
Kirstin,Agnolo,kagnolocq@soup.io,Female,Hiri Motu,Environmental Tech
Walt,Causier,wcausiercr@virginia.edu,Male,Bosnian,Accounting Assistant IV
Dominik,Nuzzetti,dnuzzettics@reuters.com,Male,Portuguese,General Manager
Wendie,Inmett,winmettct@storify.com,Female,Filipino,Quality Control Specialist
Arty,Tierny,atiernycu@washington.edu,Polygender,Assamese,Human Resources Manager
Maggie,Dalley,mdalleycv@elegantthemes.com,Female,Persian,Financial Advisor
Percy,Hulme,phulmecw@weather.com,Male,Bengali,Assistant Manager
Augustus,Fahy,afahycx@patch.com,Male,Romanian,Nurse Practicioner
Doria,Coules,dcoulescy@elegantthemes.com,Female,Marathi,Information Systems Manager
Zorina,Feirn,zfeirncz@fc2.com,Female,Bengali,Clinical Specialist
Justen,Piercey,jpierceyd0@meetup.com,Male,Kashmiri,Human Resources Manager
Hilarius,Dotterill,hdotterilld1@marriott.com,Male,Georgian,Director of Sales
Rheba,Darlaston,rdarlastond2@nbcnews.com,Female,Dhivehi,Design Engineer
Julietta,Merrin,jmerrind3@cnn.com,Female,Tetum,Media Manager I
Kennan,Brunsdon,kbrunsdond4@is.gd,Male,Korean,Design Engineer
Frannie,Tunesi,ftunesid5@ftc.gov,Male,Malayalam,VP Marketing
Raynard,Pilkington,rpilkingtond6@comcast.net,Male,Zulu,Associate Professor
Angelica,Snibson,asnibsond7@mapquest.com,Female,Bislama,Media Manager I
Allistir,Bordessa,abordessad8@mashable.com,Male,Kashmiri,Web Developer I
Emmit,Winsom,ewinsomd9@stumbleupon.com,Male,Dzongkha,Budget/Accounting Analyst IV
Fawnia,Hargate,fhargateda@washington.edu,Female,Tswana,Junior Executive
Evangelina,Croser,ecroserdb@marriott.com,Genderqueer,Amharic,Help Desk Operator
Caron,Riddlesden,criddlesdendc@psu.edu,Female,Amharic,Automation Specialist III
Lester,Jeppe,ljeppedd@hud.gov,Male,Amharic,Actuary
Erick,Keighly,ekeighlyde@bloglines.com,Male,Malay,Accounting Assistant III
Pauly,Proctor,pproctordf@npr.org,Male,Spanish,Actuary
Glenn,Fuggle,gfuggledg@photobucket.com,Polygender,Polish,Health Coach II
Johnath,Flatt,jflattdh@360.cn,Female,Dzongkha,Systems Administrator IV
Raychel,McCobb,rmccobbdi@pagesperso-orange.fr,Female,Montenegrin,Payment Adjustment Coordinator
Munmro,Clink,mclinkdj@craigslist.org,Male,Chinese,Physical Therapy Assistant
Mame,Ramel,mrameldk@sakura.ne.jp,Female,Tamil,Marketing Assistant
Audrye,Laverick,alaverickdl@360.cn,Female,Tamil,Legal Assistant
Pincus,Picheford,ppicheforddm@soup.io,Male,Mongolian,Help Desk Technician
Yalonda,Tome,ytomedn@huffingtonpost.com,Female,Māori,VP Marketing
Lindsay,Seviour,lseviourdo@gravatar.com,Female,Kyrgyz,Chief Design Engineer
Klaus,Rubroe,krubroedp@creativecommons.org,Male,Macedonian,Actuary
Tracie,Scrowton,tscrowtondq@google.ca,Female,Luxembourgish,Staff Accountant I
Benito,McGaffey,bmcgaffeydr@blogtalkradio.com,Genderfluid,Fijian,Junior Executive
Cassey,Wais,cwaisds@adobe.com,Female,Malagasy,VP Accounting
Vidovik,Sumpton,vsumptondt@wisc.edu,Male,Yiddish,Paralegal
Stacee,Fenwick,sfenwickdu@scribd.com,Female,West Frisian,Product Engineer
Corbie,Auger,caugerdv@msn.com,Male,French,Programmer Analyst I
Florida,Bray,fbraydw@nbcnews.com,Female,Korean,Software Consultant
Christie,Rivilis,crivilisdx@stumbleupon.com,Female,Polish,Developer IV
Oswell,Rhymer,orhymerdy@imageshack.us,Male,Khmer,Financial Advisor
Augie,Kamiyama,akamiyamadz@upenn.edu,Male,Lao,Research Assistant III
Kendall,Edmonstone,kedmonstonee0@godaddy.com,Male,Lao,Office Assistant III
Estell,Matias,ematiase1@dagondesign.com,Female,Tetum,Administrative Officer
Mikol,Nuton,mnutone2@indiegogo.com,Male,Belarusian,Account Representative III
Eden,Schenkel,eschenkele3@exblog.jp,Female,Latvian,Environmental Specialist
Sinclare,Gleave,sgleavee4@soup.io,Male,Hungarian,Developer I
Inglebert,Dhennin,idhennine5@csmonitor.com,Male,Bislama,Nurse
Simone,Sansbury,ssansburye6@icio.us,Female,Tsonga,Analog Circuit Design manager
Ugo,Easterling,ueasterlinge7@theglobeandmail.com,Male,Yiddish,VP Sales
Giffie,Sekulla,gsekullae8@berkeley.edu,Male,Gujarati,Web Designer IV
Kippar,Rapelli,krapellie9@salon.com,Male,Spanish,Desktop Support Technician
Maurise,Sharratt,msharrattea@dailymail.co.uk,Male,Haitian Creole,Structural Analysis Engineer
Sherye,Formigli,sformiglieb@ask.com,Female,Pashto,Senior Quality Engineer
Harper,Iorizzi,hiorizziec@networkadvertising.org,Male,Bengali,Geological Engineer
Morrie,Smallwood,msmallwooded@dedecms.com,Agender,Tetum,Payment Adjustment Coordinator
Broddie,Moubray,bmoubrayee@dell.com,Male,Arabic,VP Quality Control
Jethro,Rosenboim,jrosenboimef@ucla.edu,Male,Japanese,Cost Accountant
Lorrie,Nipper,lnippereg@opera.com,Male,Hungarian,Financial Analyst
Chelsea,O' Mahony,comahonyeh@comsenz.com,Female,Malagasy,Payment Adjustment Coordinator
Lucius,Blasio,lblasioei@princeton.edu,Male,Swahili,Actuary
Rachel,Raiment,rraimentej@amazon.co.uk,Female,Amharic,Marketing Assistant
Christabella,O'Fogerty,cofogertyek@independent.co.uk,Female,Romanian,Budget/Accounting Analyst I
Rees,Kegan,rkeganel@topsy.com,Bigender,Kyrgyz,Chief Design Engineer
Waiter,Norres,wnorresem@ucla.edu,Male,Luxembourgish,Actuary
Eolande,Torry,etorryen@moonfruit.com,Female,Telugu,Marketing Assistant
Iggie,McGenn,imcgenneo@time.com,Male,Zulu,Automation Specialist III
Alissa,Monier,amonierep@lulu.com,Female,Burmese,Web Developer II
Inigo,Amesbury,iamesburyeq@last.fm,Male,Oriya,Marketing Manager
Kenyon,Dunridge,kdunridgeer@youtu.be,Male,Hungarian,Design Engineer
Donny,Ox,doxes@fda.gov,Male,Kazakh,General Manager
Ronda,Dulake,rdulakeet@prnewswire.com,Female,Malay,Research Associate
Ettore,McGookin,emcgookineu@multiply.com,Male,Bengali,Information Systems Manager
Stanislas,Dumphry,sdumphryev@blogs.com,Male,West Frisian,Senior Quality Engineer
Jerrie,Hartnup,jhartnupew@list-manage.com,Genderfluid,Dhivehi,Tax Accountant
Alvin,Tregust,atregustex@vinaora.com,Male,Norwegian,Senior Cost Accountant
Irma,Jecock,ijecockey@berkeley.edu,Female,Catalan,Senior Financial Analyst
Alphonso,Purbrick,apurbrickez@purevolume.com,Male,Gagauz,Computer Systems Analyst II
Rube,Harmond,rharmondf0@canalblog.com,Male,Malay,Nurse Practicioner
Patrica,Blitzer,pblitzerf1@homestead.com,Female,Telugu,Programmer I
Chadwick,Grimsdith,cgrimsdithf2@edublogs.org,Male,Dutch,Mechanical Systems Engineer
Ivory,Kennifick,ikennifickf3@walmart.com,Female,Ndebele,Registered Nurse
Nessa,Larkkem,nlarkkemf4@ehow.com,Female,Hebrew,Graphic Designer
Keefer,Papps,kpappsf5@blinklist.com,Male,Bengali,Director of Sales
Freddy,Allbones,fallbonesf6@yahoo.com,Male,Tetum,Accountant IV
Justis,Hulson,jhulsonf7@parallels.com,Male,Afrikaans,Nuclear Power Engineer
Alexandre,Ginnaly,aginnalyf8@vistaprint.com,Male,Assamese,Staff Accountant III
Victor,Lashmar,vlashmarf9@answers.com,Male,Hungarian,Internal Auditor
Greta,Rickasse,grickassefa@facebook.com,Female,Aymara,Sales Representative
Teodoro,Fishleigh,tfishleighfb@unicef.org,Male,Lao,Junior Executive
Vaclav,Gaitung,vgaitungfc@moonfruit.com,Male,Sotho,VP Accounting
Gustavus,Smallcombe,gsmallcombefd@free.fr,Male,Ndebele,Sales Associate
Jennica,Pietersma,jpietersmafe@taobao.com,Female,Swahili,Librarian
Jere,Gearing,jgearingff@fda.gov,Female,Malayalam,Accounting Assistant IV
Mendel,Castellani,mcastellanifg@unesco.org,Male,Northern Sotho,Compensation Analyst
D'arcy,MacKall,dmackallfh@etsy.com,Male,Northern Sotho,Pharmacist
Ameline,Ferrar,aferrarfi@xing.com,Female,Moldovan,Professor
Melli,Paulmann,mpaulmannfj@time.com,Female,Hiri Motu,Chief Design Engineer
Geralda,Scanderet,gscanderetfk@plala.or.jp,Female,Swedish,Human Resources Manager
Bar,Aslott,baslottfl@bravesites.com,Genderfluid,Sotho,Software Test Engineer II
Tracy,Erangy,terangyfm@cam.ac.uk,Female,Malayalam,Product Engineer
Vikky,Haet,vhaetfn@etsy.com,Female,Bislama,Engineer III
Suzanne,Schurig,sschurigfo@chron.com,Female,Kashmiri,Recruiting Manager
Lisa,O'Connolly,loconnollyfp@e-recht24.de,Female,Afrikaans,VP Product Management
Darbee,Scarff,dscarfffq@webs.com,Male,Dhivehi,Programmer Analyst IV
George,Maun,gmaunfr@netlog.com,Non-binary,Guaraní,Marketing Assistant
Rhoda,Mc Elory,rmceloryfs@wikimedia.org,Agender,Filipino,VP Quality Control
Jenine,Gillbee,jgillbeeft@npr.org,Non-binary,Greek,Senior Quality Engineer
Yance,Ballham,yballhamfu@bing.com,Male,Tajik,VP Marketing
Bamby,Hause,bhausefv@washingtonpost.com,Female,Lithuanian,Assistant Media Planner
Sula,Calbrathe,scalbrathefw@altervista.org,Female,Polish,Paralegal
Mariel,McGroarty,mmcgroartyfx@ezinearticles.com,Female,Estonian,Operator
Sawyere,Lyburn,slyburnfy@springer.com,Male,Czech,Chief Design Engineer
Orren,MacPaik,omacpaikfz@sciencedirect.com,Male,Yiddish,Marketing Manager
Cherianne,Stedell,cstedellg0@cdc.gov,Female,Northern Sotho,Nuclear Power Engineer
Steve,Camus,scamusg1@4shared.com,Male,Afrikaans,Engineer I
Jayne,Maureen,jmaureeng2@usnews.com,Female,Quechua,Nurse
Holly,Soreau,hsoreaug3@technorati.com,Female,Lithuanian,Web Designer III
Alard,Sanderson,asandersong4@facebook.com,Male,Ndebele,Senior Cost Accountant
Tye,Denyer,tdenyerg5@aboutads.info,Male,Korean,Paralegal
Margy,Mikalski,mmikalskig6@samsung.com,Female,Khmer,Analog Circuit Design manager
Viola,Bachman,vbachmang7@boston.com,Female,Assamese,Research Nurse
Elvina,Jaffrey,ejaffreyg8@networkadvertising.org,Female,Georgian,Pharmacist
Twyla,Dunston,tdunstong9@unesco.org,Female,Gujarati,Senior Developer
Brandise,Augustine,baugustinega@moonfruit.com,Female,Azeri,VP Sales
Beau,Zammett,bzammettgb@yale.edu,Polygender,Maltese,Dental Hygienist
Janka,Gumary,jgumarygc@wisc.edu,Female,Macedonian,Technical Writer
Vernor,Bridgens,vbridgensgd@seesaa.net,Male,Dutch,Account Executive
Kristoforo,Rosenbush,krosenbushge@webmd.com,Male,Swedish,Sales Associate
Arley,Ovington,aovingtongf@nhs.uk,Male,Afrikaans,Senior Editor
Alyosha,Hosier,ahosiergg@issuu.com,Male,Hiri Motu,Graphic Designer
Harrison,Gallegos,hgallegosgh@woothemes.com,Male,Arabic,Civil Engineer
Valentino,Clements,vclementsgi@yellowpages.com,Male,Maltese,Payment Adjustment Coordinator
Wernher,Chisolm,wchisolmgj@columbia.edu,Male,Tswana,Paralegal
Daryl,Tilby,dtilbygk@japanpost.jp,Female,Tswana,Physical Therapy Assistant
Rakel,Lawley,rlawleygl@blogspot.com,Genderqueer,Aymara,Nurse Practicioner
Arte,Tilzey,atilzeygm@gmpg.org,Male,Luxembourgish,Software Test Engineer IV
Roland,Kubacek,rkubacekgn@ft.com,Polygender,Romanian,Developer III
Ferdinande,Worvell,fworvellgo@sciencedaily.com,Female,Swedish,Senior Cost Accountant
Byram,Marven,bmarvengp@netscape.com,Male,Northern Sotho,Recruiter
Trevor,Allnutt,tallnuttgq@is.gd,Male,Tsonga,Analyst Programmer
Kali,Ritch,kritchgr@hugedomains.com,Bigender,German,Research Assistant III
Hadlee,Ferrandez,hferrandezgs@trellian.com,Male,Aymara,Account Executive
Gay,Witheridge,gwitheridgegt@forbes.com,Female,Sotho,Registered Nurse
Chance,McAless,cmcalessgu@nationalgeographic.com,Male,Punjabi,Assistant Media Planner
Forrest,Brimmicombe,fbrimmicombegv@tuttocitta.it,Male,Guaraní,Civil Engineer
Verina,Huggens,vhuggensgw@imageshack.us,Genderfluid,Maltese,Engineer IV
Hubie,Turbern,hturberngx@amazonaws.com,Male,Tetum,Structural Engineer
Gorden,Speek,gspeekgy@imdb.com,Male,Tswana,Payment Adjustment Coordinator
Dael,Bever,dbevergz@google.com.au,Male,Pashto,Office Assistant I
Eal,Hillborne,ehillborneh0@vk.com,Male,Korean,Assistant Professor
Massimiliano,Flaxman,mflaxmanh1@macromedia.com,Male,Estonian,Payment Adjustment Coordinator
Ram,Mafham,rmafhamh2@joomla.org,Male,Indonesian,Clinical Specialist
Bathsheba,Ansley,bansleyh3@over-blog.com,Female,Kyrgyz,Senior Sales Associate
Hervey,Haughan,hhaughanh4@blinklist.com,Male,Irish Gaelic,Nurse Practicioner
Colin,Pashe,cpasheh5@hud.gov,Male,New Zealand Sign Language,Librarian
Kent,Gourlie,kgourlieh6@about.com,Male,Punjabi,Assistant Professor
Wilow,Really,wreallyh7@bluehost.com,Female,Kazakh,Safety Technician III
Clarey,Rawne,crawneh8@weebly.com,Female,Zulu,Junior Executive
Lyndell,Polon,lpolonh9@springer.com,Female,Montenegrin,Project Manager
Mordy,Chatainier,mchatainierha@google.com.au,Male,Thai,Help Desk Operator
Martelle,Tassel,mtasselhb@vkontakte.ru,Female,Tamil,Payment Adjustment Coordinator
Sawyere,Grogona,sgrogonahc@walmart.com,Male,Afrikaans,VP Sales
Evonne,Beranek,eberanekhd@zimbio.com,Female,Icelandic,Operator
Batholomew,Neilly,bneillyhe@netscape.com,Male,Mongolian,Assistant Media Planner
Dorian,Borland,dborlandhf@zimbio.com,Male,New Zealand Sign Language,Physical Therapy Assistant
Sallyanne,Niblo,sniblohg@acquirethisname.com,Female,Tok Pisin,Safety Technician III
Krishna,Redwood,kredwoodhh@yahoo.com,Male,Marathi,Accounting Assistant IV
Helenka,Rider,hriderhi@shop-pro.jp,Agender,Armenian,Biostatistician I
Babette,Woolgar,bwoolgarhj@facebook.com,Female,Swahili,Data Coordiator
Wayland,Phillippo,wphillippohk@flavors.me,Male,Korean,Geological Engineer
Jerome,Barhem,jbarhemhl@facebook.com,Male,Yiddish,Research Assistant III
Denna,Gowanlock,dgowanlockhm@ibm.com,Non-binary,Tamil,Developer III
Allayne,Raikes,araikeshn@imdb.com,Male,Gagauz,Recruiter
Margarita,Mcimmie,mmcimmieho@thetimes.co.uk,Female,Malay,Sales Representative
Ardelia,Lowers,alowershp@ocn.ne.jp,Genderfluid,Lithuanian,Pharmacist
Rawley,Ruddell,rruddellhq@godaddy.com,Male,Kazakh,Editor
Dru,Glander,dglanderhr@cnn.com,Male,Dari,Data Coordiator
Sunny,Woolston,swoolstonhs@tamu.edu,Female,Tajik,Electrical Engineer
Ashil,Albrook,aalbrookht@sciencedaily.com,Female,Assamese,Civil Engineer
Goran,Smurfit,gsmurfithu@feedburner.com,Genderfluid,Zulu,Accountant IV
Maitilde,Di Bartolomeo,mdibartolomeohv@walmart.com,Female,Macedonian,VP Marketing
Fax,Brafferton,fbraffertonhw@sun.com,Male,Telugu,Civil Engineer
Petey,Gager,pgagerhx@people.com.cn,Genderqueer,Korean,Product Engineer
Gerty,Sillick,gsillickhy@ftc.gov,Non-binary,Swati,Administrative Officer
Rosalia,Wadsworth,rwadsworthhz@sina.com.cn,Female,Tamil,Statistician II
Claus,Simonson,csimonsoni0@newyorker.com,Male,Indonesian,Dental Hygienist
Huberto,Tinkler,htinkleri1@wikia.com,Genderfluid,Azeri,Accountant III
Jessika,Treffry,jtreffryi2@cocolog-nifty.com,Female,Luxembourgish,Structural Engineer
Miner,Bartosinski,mbartosinskii3@reuters.com,Male,Swati,Marketing Assistant
Bendix,Baines,bbainesi4@free.fr,Male,Tamil,Director of Sales
Erhart,Watkin,ewatkini5@pen.io,Male,Italian,Accounting Assistant III
Arturo,Dickman,adickmani6@nasa.gov,Non-binary,French,Quality Control Specialist
Hew,Fishley,hfishleyi7@youtube.com,Male,Polish,Administrative Officer
Torrence,Budleigh,tbudleighi8@flickr.com,Male,Gagauz,Community Outreach Specialist
Vaughn,Rawstorn,vrawstorni9@networksolutions.com,Male,Albanian,VP Product Management
Grete,Bracknall,gbracknallia@cyberchimps.com,Female,Bislama,Web Designer II
Esme,Corpes,ecorpesib@mac.com,Genderfluid,English,Clinical Specialist
Julina,Bastick,jbastickic@exblog.jp,Female,Afrikaans,Programmer Analyst I
Anderea,Pead,apeadid@rambler.ru,Female,Bislama,Accounting Assistant IV
Torry,Devine,tdevineie@soup.io,Bigender,Bengali,Quality Engineer
Reena,de Clercq,rdeclercqif@t.co,Female,Guaraní,Data Coordiator
Olag,Dohmann,odohmannig@cbsnews.com,Genderfluid,Finnish,Structural Analysis Engineer
Garek,Windaybank,gwindaybankih@paginegialle.it,Male,Armenian,Account Executive
Percival,Gwinnell,pgwinnellii@wix.com,Male,Luxembourgish,Statistician II
Adolphus,Keer,akeerij@themeforest.net,Male,Dzongkha,Recruiter
Chrisy,Paddy,cpaddyik@pen.io,Male,Telugu,Product Engineer
Ariana,Carlyon,acarlyonil@umich.edu,Female,Hindi,Quality Engineer
Angil,Bock,abockim@newsvine.com,Female,Fijian,Clinical Specialist
Mel,Tewnion,mtewnionin@purevolume.com,Male,Gujarati,Computer Systems Analyst IV
Linnet,Reolfi,lreolfiio@illinois.edu,Female,Spanish,Senior Developer
Kali,O'Crevy,kocrevyip@google.de,Female,Armenian,Speech Pathologist
Jannelle,Sibly,jsiblyiq@ed.gov,Female,Icelandic,Sales Representative
Jenda,Billborough,jbillboroughir@gizmodo.com,Female,Indonesian,Human Resources Assistant II
Augustus,Minchinton,aminchintonis@weather.com,Male,Danish,Geologist IV
Marissa,Parkhouse,mparkhouseit@ustream.tv,Female,New Zealand Sign Language,Actuary
Aldus,Furbank,afurbankiu@mozilla.com,Genderqueer,Māori,Senior Editor
Byran,Westbrook,bwestbrookiv@unesco.org,Male,Kazakh,Senior Sales Associate
Durward,Pardi,dpardiiw@about.me,Male,Moldovan,Food Chemist
Rubi,O'Currine,rocurrineix@archive.org,Female,Gujarati,Technical Writer
Konstantin,Almak,kalmakiy@gmpg.org,Male,Montenegrin,Database Administrator I
Janaya,Daybell,jdaybelliz@liveinternet.ru,Female,Arabic,Payment Adjustment Coordinator
Nicko,Abrahams,nabrahamsj0@princeton.edu,Male,Quechua,Database Administrator II
Murray,Woolford,mwoolfordj1@google.ca,Male,New Zealand Sign Language,Senior Editor
Burl,Tigwell,btigwellj2@epa.gov,Male,Filipino,Chemical Engineer
Vinny,Joder,vjoderj3@weebly.com,Female,Gagauz,Human Resources Manager
Hannah,Kelberer,hkelbererj4@scribd.com,Female,Malayalam,Junior Executive
Dusty,Sinclaire,dsinclairej5@mozilla.org,Female,Ndebele,Software Consultant
Gerhard,Caldaro,gcaldaroj6@issuu.com,Male,Guaraní,Developer II
Durante,Fiddymont,dfiddymontj7@uiuc.edu,Male,Latvian,Structural Analysis Engineer
Archaimbaud,Reucastle,areucastlej8@csmonitor.com,Male,Montenegrin,Analog Circuit Design manager
Zitella,Ranson,zransonj9@abc.net.au,Female,Tamil,Actuary
Dur,Dirkin,ddirkinja@xing.com,Male,Oriya,Financial Analyst
Jemmy,Vela,jvelajb@intel.com,Female,Japanese,Community Outreach Specialist
Scottie,Barizeret,sbarizeretjc@smugmug.com,Male,Gujarati,Account Coordinator
Betty,Mahoney,bmahoneyjd@huffingtonpost.com,Polygender,Macedonian,Senior Developer
Filide,Haggie,fhaggieje@linkedin.com,Female,Korean,VP Product Management
Joannes,Royal,jroyaljf@surveymonkey.com,Female,Dutch,Financial Analyst
Caleb,Pickerin,cpickerinjg@parallels.com,Male,Tetum,Dental Hygienist
Katharine,Myrick,kmyrickjh@theatlantic.com,Female,Latvian,Information Systems Manager
Odelinda,Kington,okingtonji@123-reg.co.uk,Female,Italian,Research Nurse
Bennett,Condit,bconditjj@xrea.com,Male,Amharic,Librarian
Amanda,Rebanks,arebanksjk@storify.com,Female,Tamil,Staff Accountant I
Corly,Bounde,cboundejl@themeforest.net,Female,English,VP Quality Control
Sabrina,Knagges,sknaggesjm@cbc.ca,Female,Dutch,Operator
Elsbeth,Yacobsohn,eyacobsohnjn@discuz.net,Female,Irish Gaelic,Marketing Assistant
Guss,Janak,gjanakjo@google.co.jp,Male,Zulu,Biostatistician II
Rich,Gouly,rgoulyjp@ucsd.edu,Male,Tajik,Cost Accountant
Donna,Kopelman,dkopelmanjq@ifeng.com,Female,Czech,Nuclear Power Engineer
Leonard,Orable,lorablejr@reference.com,Male,Kazakh,Web Designer I
Darrin,Dommerque,ddommerquejs@ucla.edu,Male,Gagauz,Professor
Loren,Hiers,lhiersjt@photobucket.com,Female,Portuguese,Research Nurse
Franciskus,Zoephel,fzoephelju@weebly.com,Male,Amharic,Accounting Assistant IV
Esra,Kettles,ekettlesjv@umn.edu,Male,Tswana,Biostatistician IV
Tiena,Covert,tcovertjw@spiegel.de,Female,Aymara,Account Representative II
Brittne,Braine,bbrainejx@ezinearticles.com,Female,Luxembourgish,Information Systems Manager
Warren,Bigmore,wbigmorejy@biglobe.ne.jp,Male,Oriya,Safety Technician I
Carmelia,Haythorn,chaythornjz@ucsd.edu,Polygender,Tswana,Legal Assistant
Derby,Alenin,dalenink0@discuz.net,Male,Dzongkha,General Manager
Stu,Bolton,sboltonk1@purevolume.com,Male,Nepali,Biostatistician II
Raimund,Leverett,rleverettk2@barnesandnoble.com,Male,Japanese,Data Coordiator
Hermie,McCartan,hmccartank3@parallels.com,Male,Nepali,Developer IV
Harriette,McDiarmid,hmcdiarmidk4@livejournal.com,Female,Malayalam,Human Resources Assistant III
Malanie,Emburey,membureyk5@wordpress.org,Female,Persian,Senior Developer
Fania,McGunley,fmcgunleyk6@fotki.com,Female,Swati,Internal Auditor
Gerladina,Forsyth,gforsythk7@si.edu,Female,Polish,VP Marketing
Yardley,Winny,ywinnyk8@spotify.com,Male,Tok Pisin,Executive Secretary
Sandy,O'Gormally,sogormallyk9@istockphoto.com,Male,Luxembourgish,Human Resources Assistant II
Timmy,MacIlraith,tmacilraithka@indiatimes.com,Male,Thai,Assistant Media Planner
Abby,Stannislawski,astannislawskikb@google.pl,Male,Guaraní,Human Resources Assistant II
Edvard,Baptiste,ebaptistekc@webs.com,Male,Bosnian,Administrative Officer
Lucius,Hallan,lhallankd@wiley.com,Male,Afrikaans,Graphic Designer
Kalindi,McFaul,kmcfaulke@auda.org.au,Genderqueer,Swedish,Web Developer IV
Mora,Deamer,mdeamerkf@diigo.com,Agender,Kazakh,Budget/Accounting Analyst I
Arlie,Nevison,anevisonkg@auda.org.au,Bigender,Tswana,Statistician II
Bram,Ambresin,bambresinkh@aol.com,Male,Luxembourgish,Developer IV
Revkah,Gavrielli,rgavrielliki@google.fr,Female,Hindi,Compensation Analyst
Eleni,Marshal,emarshalkj@wikimedia.org,Female,Japanese,VP Accounting
Shea,Dorot,sdorotkk@technorati.com,Female,Greek,Professor
Thorpe,Butrimovich,tbutrimovichkl@ning.com,Agender,Zulu,Social Worker
Eugenie,Trowle,etrowlekm@domainmarket.com,Genderqueer,Swati,Data Coordiator
Lincoln,Birdwhistell,lbirdwhistellkn@altervista.org,Male,Indonesian,Physical Therapy Assistant
Ariela,Vondruska,avondruskako@merriam-webster.com,Female,Sotho,Speech Pathologist
Gerick,Widocks,gwidockskp@theglobeandmail.com,Male,Korean,Web Developer III
Allayne,Prendeguest,aprendeguestkq@bing.com,Male,Arabic,VP Quality Control
Natalya,MacCaughey,nmaccaugheykr@moonfruit.com,Female,Belarusian,Software Test Engineer IV
Cecil,Carr,ccarrks@barnesandnoble.com,Female,Tok Pisin,Financial Analyst
Oren,Robbings,orobbingskt@nbcnews.com,Male,Portuguese,Database Administrator II
Elmore,Barnaby,ebarnabyku@parallels.com,Male,Estonian,Senior Financial Analyst
Basile,Piola,bpiolakv@shinystat.com,Male,Yiddish,Software Engineer II
Shoshanna,Spurrett,sspurrettkw@usda.gov,Female,Afrikaans,Speech Pathologist
Trudi,Squier,tsquierkx@usgs.gov,Female,Persian,Director of Sales
Aleece,Kleynen,akleynenky@sogou.com,Female,Hiri Motu,Account Coordinator
Tracy,Dmitrievski,tdmitrievskikz@theguardian.com,Female,Portuguese,Compensation Analyst
Jephthah,Guinan,jguinanl0@goo.ne.jp,Male,Gagauz,Graphic Designer
Beaufort,Schubbert,bschubbertl1@people.com.cn,Male,Tajik,Geologist II
Somerset,Heggie,sheggiel2@hatena.ne.jp,Male,Italian,Web Designer II
Lazare,Lottrington,llottringtonl3@webmd.com,Male,Haitian Creole,Business Systems Development Analyst
Brittan,Melhuish,bmelhuishl4@deviantart.com,Female,Zulu,Assistant Manager
Martha,Pimmocke,mpimmockel5@slashdot.org,Female,Norwegian,Pharmacist
Margi,Pietzker,mpietzkerl6@seattletimes.com,Female,Haitian Creole,Product Engineer
Stinky,Klauber,sklauberl7@mapy.cz,Male,West Frisian,Environmental Tech
Phoebe,Proger,pprogerl8@google.com.au,Female,Bislama,Systems Administrator II
Viviyan,Moyne,vmoynel9@jalbum.net,Female,Luxembourgish,Paralegal
Theo,Deignan,tdeignanla@wikimedia.org,Male,Croatian,Chemical Engineer
Maddy,Rodgman,mrodgmanlb@chronoengine.com,Male,Zulu,Occupational Therapist
Sosanna,Withey,switheylc@usatoday.com,Female,Aymara,Developer I
Domenico,Torpie,dtorpield@wiley.com,Male,Afrikaans,Statistician III
Kalinda,Tomes,ktomesle@constantcontact.com,Non-binary,Afrikaans,Operator
Cornie,Daal,cdaallf@chicagotribune.com,Male,Romanian,Senior Quality Engineer
Isobel,Meaddowcroft,imeaddowcroftlg@gizmodo.com,Female,Marathi,Senior Developer
Selie,Maund,smaundlh@yellowpages.com,Non-binary,Fijian,Compensation Analyst
Nelson,Trudgion,ntrudgionli@forbes.com,Male,Somali,Environmental Specialist
Leia,Lergan,llerganlj@360.cn,Female,Ndebele,Payment Adjustment Coordinator
Linell,Skews,lskewslk@cpanel.net,Female,Albanian,Junior Executive
Lothaire,Goulden,lgouldenll@webnode.com,Male,Arabic,Analog Circuit Design manager
Charis,Cisson,ccissonlm@pcworld.com,Female,Māori,Help Desk Operator
Nettie,Carvil,ncarvilln@google.ca,Genderfluid,Tok Pisin,Computer Systems Analyst II
Tabor,Christin,tchristinlo@samsung.com,Male,Filipino,Staff Accountant II
Farr,Sproson,fsprosonlp@oracle.com,Male,Croatian,Software Test Engineer I
Tod,Evelyn,tevelynlq@pagesperso-orange.fr,Male,Assamese,Business Systems Development Analyst
Marsha,Durno,mdurnolr@go.com,Female,Tajik,Geological Engineer
Calley,Halliwell,challiwellls@ucoz.ru,Female,Yiddish,Project Manager
Gale,Hulle,ghullelt@ifeng.com,Female,Greek,Desktop Support Technician
Webb,Ramberg,wramberglu@so-net.ne.jp,Male,Arabic,Design Engineer
Leslie,Flecknoe,lflecknoelv@cdbaby.com,Male,Bosnian,Pharmacist
Bary,Spatoni,bspatonilw@vkontakte.ru,Male,Bosnian,Administrative Assistant I
Ulrica,Bartolini,ubartolinilx@army.mil,Female,Kyrgyz,GIS Technical Architect
Evvy,O'Scanlon,eoscanlonly@usa.gov,Female,Kashmiri,Database Administrator II
Corene,Scopyn,cscopynlz@craigslist.org,Female,Assamese,Research Nurse
Kimball,Ceci,kcecim0@squidoo.com,Male,Chinese,Programmer IV
Charley,Henkmann,chenkmannm1@samsung.com,Genderqueer,Tswana,VP Sales
Blanch,Arger,bargerm2@slideshare.net,Female,Korean,Assistant Media Planner
Michelle,MacGahey,mmacgaheym3@apple.com,Female,Luxembourgish,Dental Hygienist
Claybourne,Blasiak,cblasiakm4@gravatar.com,Male,Irish Gaelic,Help Desk Technician
Leela,Alpin,lalpinm5@wordpress.org,Female,Japanese,Developer II
Hamil,Ghirardi,hghirardim6@tiny.cc,Male,Quechua,Information Systems Manager
Jermain,Wickes,jwickesm7@ustream.tv,Male,Kyrgyz,Executive Secretary
Egor,MacDearmid,emacdearmidm8@microsoft.com,Male,Kannada,Nuclear Power Engineer
Nada,Maddison,nmaddisonm9@altervista.org,Non-binary,Georgian,Business Systems Development Analyst
Alameda,Halbert,ahalbertma@behance.net,Female,Kyrgyz,Software Engineer I
Ryan,Maine,rmainemb@gmpg.org,Male,Swedish,Environmental Tech
Hagan,Aulton,haultonmc@paginegialle.it,Bigender,Assamese,Database Administrator II
Arther,Napper,anappermd@devhub.com,Male,Czech,Data Coordiator
Bartlet,Eckley,beckleyme@multiply.com,Male,Bengali,Software Engineer I
Edgar,Boothe,eboothemf@godaddy.com,Male,Tsonga,VP Sales
Dorian,Lumsden,dlumsdenmg@flavors.me,Male,Mongolian,Automation Specialist IV
Wayne,Congdon,wcongdonmh@apache.org,Male,Filipino,VP Sales
Trish,Meckiff,tmeckiffmi@vinaora.com,Female,Guaraní,Software Test Engineer I
Darnall,McCloughen,dmccloughenmj@irs.gov,Male,Swedish,Geological Engineer
Aurora,Reinbeck,areinbeckmk@cyberchimps.com,Female,Luxembourgish,Office Assistant I
Krystyna,Pampling,kpamplingml@purevolume.com,Female,Bislama,Administrative Assistant IV
Robyn,Vasechkin,rvasechkinmm@seesaa.net,Female,Moldovan,Product Engineer
Lucille,Ungaretti,lungarettimn@163.com,Female,Dhivehi,Editor
Vanessa,Drei,vdreimo@google.com.hk,Female,Thai,Geologist I
Dolores,Di Pietro,ddipietromp@netlog.com,Female,Hungarian,Director of Sales
Chryste,Etchells,cetchellsmq@goo.ne.jp,Female,Filipino,Electrical Engineer
Hunt,Benninck,hbenninckmr@tamu.edu,Male,Georgian,Operator
Heall,Febvre,hfebvrems@vk.com,Male,Malayalam,Director of Sales
Bard,Brandoni,bbrandonimt@blinklist.com,Male,Hungarian,Financial Advisor
Catlee,Igounet,cigounetmu@theguardian.com,Female,Marathi,GIS Technical Architect
Wendye,Goodridge,wgoodridgemv@theglobeandmail.com,Female,Kyrgyz,Clinical Specialist
Haze,Castanyer,hcastanyermw@marketwatch.com,Male,Tajik,Registered Nurse
Hannis,Gannan,hgannanmx@tuttocitta.it,Female,Croatian,Cost Accountant
Dian,Trenam,dtrenammy@cocolog-nifty.com,Female,Dzongkha,Director of Sales
Salvidor,Snoddin,ssnoddinmz@paypal.com,Non-binary,Bulgarian,Database Administrator III
Margaretha,Weems,mweemsn0@cnn.com,Female,Ndebele,Tax Accountant
Roch,Iban,ribann1@free.fr,Female,Kazakh,Senior Developer
Drusilla,Murrock,dmurrockn2@squarespace.com,Female,Haitian Creole,Data Coordiator
Brandy,Olohan,bolohann3@jimdo.com,Female,Tsonga,Help Desk Operator
Rob,Hyland,rhylandn4@gnu.org,Male,Azeri,Civil Engineer
Trev,Brideau,tbrideaun5@zimbio.com,Agender,Polish,Safety Technician I
Katti,Kupec,kkupecn6@wikimedia.org,Female,Swahili,Computer Systems Analyst I
Dud,Shelford,dshelfordn7@amazon.com,Male,Bulgarian,Help Desk Operator
Susanne,Volant,svolantn8@ted.com,Female,Kannada,Programmer II
Trev,Edds,teddsn9@barnesandnoble.com,Male,Kurdish,Account Executive
Augie,Ditter,aditterna@quantcast.com,Male,Fijian,Human Resources Manager
Benjie,Eberle,beberlenb@histats.com,Male,Malayalam,Marketing Assistant
Isidor,Lynthal,ilynthalnc@dell.com,Male,Dari,Senior Editor
Heidie,Storer,hstorernd@japanpost.jp,Female,Burmese,Cost Accountant
Dora,Mallaby,dmallabyne@yolasite.com,Genderqueer,Icelandic,Pharmacist
Cassie,Callaway,ccallawaynf@google.fr,Male,Tamil,Account Representative I
Oralia,Awmack,oawmackng@rediff.com,Female,Kurdish,Account Executive
Griffin,Sweetsur,gsweetsurnh@eventbrite.com,Male,Bulgarian,Help Desk Technician
Archie,Gillbee,agillbeeni@guardian.co.uk,Male,Haitian Creole,Chief Design Engineer
Charmane,Ponton,cpontonnj@bluehost.com,Female,Belarusian,Recruiting Manager
Hagen,Mee,hmeenk@ucsd.edu,Male,Kurdish,Statistician I
Valerie,Few,vfewnl@youtube.com,Female,Finnish,Analyst Programmer
Cherida,Epperson,ceppersonnm@miibeian.gov.cn,Female,Azeri,Senior Cost Accountant
Callean,Mogie,cmogienn@ed.gov,Male,Dhivehi,Graphic Designer
Skip,Dummer,sdummerno@ucsd.edu,Male,Northern Sotho,Account Coordinator
Carma,Draye,cdrayenp@jalbum.net,Female,Japanese,Dental Hygienist
Erin,Woodwind,ewoodwindnq@quantcast.com,Male,Quechua,Associate Professor
Bartram,Wickham,bwickhamnr@eventbrite.com,Male,Irish Gaelic,Administrative Assistant IV
Sigfried,Hinze,shinzens@shutterfly.com,Male,Haitian Creole,Marketing Assistant
Frayda,Hugett,fhugettnt@unesco.org,Female,New Zealand Sign Language,Information Systems Manager
Wesley,Sappson,wsappsonnu@cnet.com,Male,Macedonian,Actuary
Noemi,Seefeldt,nseefeldtnv@hexun.com,Female,Hindi,VP Sales
Sybyl,Humpatch,shumpatchnw@simplemachines.org,Female,Haitian Creole,Teacher
Haydon,Radford,hradfordnx@etsy.com,Male,English,Dental Hygienist
Ned,Yoseloff,nyoseloffny@bbc.co.uk,Male,Moldovan,Quality Engineer
Jo-ann,Haulkham,jhaulkhamnz@ucoz.com,Female,Chinese,Research Associate
Averill,Winyard,awinyardo0@wordpress.org,Male,Malagasy,Design Engineer
Perren,Shireff,pshireffo1@ezinearticles.com,Male,Croatian,Health Coach III
Lars,Mealing,lmealingo2@biglobe.ne.jp,Male,Gujarati,Director of Sales
Lesley,Physic,lphysico3@nifty.com,Female,Tsonga,Developer I
Evey,Beneze,ebenezeo4@de.vu,Female,Northern Sotho,Financial Analyst
Vally,Allwell,vallwello5@globo.com,Female,Norwegian,Nuclear Power Engineer
Tiffy,Gallard,tgallardo6@globo.com,Female,Tok Pisin,Programmer Analyst III
Megen,Buglar,mbuglaro7@nba.com,Female,Bislama,Junior Executive
Afton,Mongin,amongino8@zimbio.com,Female,Malayalam,Analyst Programmer
Christiane,Titmus,ctitmuso9@sfgate.com,Bigender,Portuguese,Business Systems Development Analyst
Nicol,Hayne,nhayneoa@discovery.com,Male,Armenian,Analog Circuit Design manager
Tatum,Harken,tharkenob@uol.com.br,Female,Aymara,Technical Writer
Arden,Shegog,ashegogoc@patch.com,Agender,Swedish,Structural Engineer
Felipa,Simkovitz,fsimkovitzod@salon.com,Female,Portuguese,Payment Adjustment Coordinator
Ginny,Bradd,gbraddoe@twitpic.com,Female,Croatian,Occupational Therapist
Issi,Vardon,ivardonof@google.ca,Female,Afrikaans,Administrative Officer
Leeanne,Goulthorp,lgoulthorpog@yahoo.co.jp,Female,Tswana,Design Engineer
Mildred,Sinney,msinneyoh@1und1.de,Female,Bulgarian,Business Systems Development Analyst
Terri-jo,Spurier,tspurieroi@gnu.org,Female,Albanian,Technical Writer
Ted,Rabbe,trabbeoj@nhs.uk,Male,English,Senior Editor
Regan,Tricker,rtrickerok@diigo.com,Polygender,Filipino,Desktop Support Technician
Trish,McGirl,tmcgirlol@multiply.com,Female,Khmer,Executive Secretary
Cirillo,Buckmaster,cbuckmasterom@etsy.com,Male,Hiri Motu,Executive Secretary
Yardley,Thorwarth,ythorwarthon@arizona.edu,Male,Marathi,Staff Accountant I
Hillel,Heap,hheapoo@un.org,Male,Catalan,Chief Design Engineer
Noble,O'Murtagh,nomurtaghop@desdev.cn,Male,Tetum,Software Consultant
Felice,Gennrich,fgennrichoq@businessweek.com,Female,Kazakh,Director of Sales
Ernesto,Oblein,eobleinor@dropbox.com,Male,Moldovan,Health Coach II
Dela,Ucchino,ducchinoos@ucla.edu,Female,German,Office Assistant IV
Vergil,Gaudin,vgaudinot@usatoday.com,Male,Afrikaans,Marketing Manager
Tannie,Carmel,tcarmelou@comsenz.com,Male,Kannada,Sales Associate
Alecia,Besant,abesantov@google.co.uk,Genderqueer,Malayalam,Executive Secretary
Vasily,Amaya,vamayaow@jimdo.com,Male,Catalan,Database Administrator I
Gert,O'Lagene,golageneox@nbcnews.com,Bigender,Hungarian,Structural Analysis Engineer
Bruce,Corro,bcorrooy@squarespace.com,Male,Yiddish,Compensation Analyst
Gusty,Larderot,glarderotoz@telegraph.co.uk,Female,Gujarati,Geologist IV
Sondra,Gorthy,sgorthyp0@toplist.cz,Female,Swedish,Compensation Analyst
Hadleigh,Nance,hnancep1@dagondesign.com,Polygender,Luxembourgish,Assistant Manager
Farr,McNirlin,fmcnirlinp2@odnoklassniki.ru,Genderqueer,Hungarian,Account Executive
Casper,Gould,cgouldp3@dedecms.com,Polygender,Mongolian,Design Engineer
Ross,Brecken,rbreckenp4@1und1.de,Male,New Zealand Sign Language,Software Consultant
Sabina,Forrestall,sforrestallp5@instagram.com,Female,Armenian,Paralegal
Rodger,Proud,rproudp6@nsw.gov.au,Male,Tamil,VP Product Management
Aleen,Cisland,acislandp7@google.de,Female,Spanish,Senior Quality Engineer
Bonni,Shovlar,bshovlarp8@woothemes.com,Female,Italian,Senior Sales Associate
Carri,Hyne,chynep9@weebly.com,Female,Kashmiri,Occupational Therapist
Anet,Liffey,aliffeypa@istockphoto.com,Female,Indonesian,Graphic Designer
Timotheus,Bradford,tbradfordpb@smh.com.au,Male,French,Staff Accountant I
Charles,Duchart,cduchartpc@paypal.com,Male,Somali,Marketing Manager
Ettore,Olfert,eolfertpd@artisteer.com,Male,Persian,Software Consultant
Shantee,Roggeman,sroggemanpe@ed.gov,Non-binary,Croatian,Assistant Media Planner
Shaylyn,Carp,scarppf@imgur.com,Female,Kyrgyz,Geologist I
Golda,Croxton,gcroxtonpg@youtube.com,Female,Dari,Graphic Designer
Osmond,Cogman,ocogmanph@github.com,Non-binary,Tok Pisin,Nurse Practicioner
Chariot,Brealey,cbrealeypi@printfriendly.com,Male,Marathi,Statistician IV
Layton,Stetson,lstetsonpj@opensource.org,Male,Albanian,Human Resources Manager
Vasili,Coping,vcopingpk@time.com,Male,Icelandic,Chief Design Engineer
Micaela,Drewe,mdrewepl@census.gov,Polygender,Hiri Motu,Librarian
Ban,Matches,bmatchespm@twitter.com,Male,Gujarati,Programmer Analyst II
Ceciley,Shotter,cshotterpn@marriott.com,Female,Mongolian,Account Executive
Stan,Dislee,sdisleepo@friendfeed.com,Male,Georgian,Staff Accountant II
Robyn,Pottie,rpottiepp@quantcast.com,Female,Albanian,Health Coach IV
Ford,Redgate,fredgatepq@cbsnews.com,Male,Gujarati,VP Marketing
Sylas,Ridde,sriddepr@fda.gov,Male,Hindi,Biostatistician IV
Bobbie,Gorges,bgorgesps@apache.org,Female,Gujarati,Computer Systems Analyst IV
Mahmud,Dehm,mdehmpt@issuu.com,Agender,Pashto,VP Marketing
Hanni,Croote,hcrootepu@posterous.com,Female,Bengali,Chemical Engineer
Virgil,Redmille,vredmillepv@dion.ne.jp,Male,Finnish,Biostatistician I
Sadie,Luckman,sluckmanpw@shinystat.com,Female,Dutch,Geologist III
Woody,Sowley,wsowleypx@163.com,Male,Bislama,Desktop Support Technician
Paloma,Farmloe,pfarmloepy@rakuten.co.jp,Female,Oriya,Media Manager II
Alecia,Colegate,acolegatepz@discuz.net,Female,Portuguese,Software Test Engineer III
Homer,Rachuig,hrachuigq0@ning.com,Male,Assamese,Web Developer II
Arthur,Askwith,aaskwithq1@loc.gov,Male,Ndebele,Executive Secretary
Samson,Bing,sbingq2@php.net,Non-binary,Lithuanian,VP Accounting
Myrvyn,Barsham,mbarshamq3@phpbb.com,Male,Romanian,Food Chemist
Tamma,Ewebank,tewebankq4@omniture.com,Female,Hungarian,Administrative Assistant I
Meier,Giordano,mgiordanoq5@mapquest.com,Male,Tetum,Statistician II
Aubrey,Capnor,acapnorq6@amazon.de,Female,Swati,Health Coach III
Marietta,Ring,mringq7@usatoday.com,Male,Tok Pisin,Sales Representative
Aloise,Pinks,apinksq8@webs.com,Female,Irish Gaelic,Web Designer II
Laurence,Mees,lmeesq9@marriott.com,Male,Lao,Registered Nurse
Gussi,Cranson,gcransonqa@wikia.com,Female,Spanish,Senior Financial Analyst
Basil,McIndrew,bmcindrewqb@slate.com,Bigender,Bislama,Financial Advisor
Knox,Sarrell,ksarrellqc@multiply.com,Male,Guaraní,Biostatistician I
Judie,Vizard,jvizardqd@aboutads.info,Female,Hebrew,Web Developer I
Beryle,Gritten,bgrittenqe@wikia.com,Female,Moldovan,Staff Scientist
Roxy,Winram,rwinramqf@blogspot.com,Female,Dhivehi,Environmental Specialist
Jonathon,Speeding,jspeedingqg@posterous.com,Male,Czech,Staff Scientist
Sydel,Kolodziej,skolodziejqh@moonfruit.com,Female,Papiamento,Assistant Manager
Humfried,Dallison,hdallisonqi@msu.edu,Male,Belarusian,Teacher
Helga,Belverstone,hbelverstoneqj@networksolutions.com,Female,Latvian,Operator
Hardy,Meiklam,hmeiklamqk@sciencedaily.com,Male,Somali,Human Resources Assistant II
Jules,Lulham,jlulhamql@dyndns.org,Male,Telugu,Assistant Media Planner
Becca,Anniwell,banniwellqm@jugem.jp,Female,Georgian,Marketing Manager
Winfield,Fuxman,wfuxmanqn@tripod.com,Male,Hindi,Developer III
Gipsy,Lamers,glamersqo@plala.or.jp,Female,Dhivehi,Environmental Tech
Shaun,Izhak,sizhakqp@nsw.gov.au,Male,Irish Gaelic,General Manager
Angelico,Bertl,abertlqq@omniture.com,Male,French,Account Representative II
Harp,Greenhow,hgreenhowqr@phpbb.com,Male,Pashto,VP Marketing
Osgood,Gooms,ogoomsqs@wsj.com,Male,Latvian,Nuclear Power Engineer
Nancee,Scoggans,nscoggansqt@printfriendly.com,Female,West Frisian,Structural Analysis Engineer
Monro,Growcock,mgrowcockqu@deliciousdays.com,Male,Armenian,Software Test Engineer II
Phoebe,Stoop,pstoopqv@admin.ch,Female,Swati,Director of Sales
Tabbatha,Davidsen,tdavidsenqw@washingtonpost.com,Female,Tok Pisin,Administrative Assistant IV
Manolo,Shotboult,mshotboultqx@yale.edu,Male,Tajik,Assistant Manager
Bebe,Revening,breveningqy@netvibes.com,Female,Hebrew,VP Quality Control
Reider,Gershom,rgershomqz@flavors.me,Male,Nepali,GIS Technical Architect
Coleen,Menere,cmenerer0@amazon.co.jp,Female,Indonesian,Computer Systems Analyst I
Raddie,Gethen,rgethenr1@flickr.com,Male,Indonesian,Nurse Practicioner
Vilhelmina,Spillman,vspillmanr2@springer.com,Female,Polish,Assistant Media Planner
Giraud,Ledington,gledingtonr3@oaic.gov.au,Male,Assamese,Software Engineer II
Gwenora,Gaspard,ggaspardr4@blog.com,Female,Greek,Nuclear Power Engineer
Lolita,MacCracken,lmaccrackenr5@hhs.gov,Female,Kashmiri,Budget/Accounting Analyst III
Gisella,Banger,gbangerr6@wisc.edu,Female,German,Nurse Practicioner
Lanita,Sanbroke,lsanbroker7@wikipedia.org,Female,Afrikaans,Administrative Officer
Heath,Conklin,hconklinr8@dailymail.co.uk,Female,Bosnian,Account Executive
Wenonah,Manktelow,wmanktelowr9@hhs.gov,Female,Greek,VP Quality Control
Andie,Ingon,aingonra@microsoft.com,Female,Guaraní,Assistant Professor
Dominik,Levesley,dlevesleyrb@last.fm,Male,Burmese,VP Product Management
Livvyy,Cody,lcodyrc@amazon.co.jp,Female,Papiamento,Automation Specialist III
Charissa,McAndie,cmcandierd@mayoclinic.com,Female,Tsonga,Nurse
Ellynn,Gurry,egurryre@usa.gov,Female,Kashmiri,Civil Engineer
Malva,Coomes,mcoomesrf@fastcompany.com,Female,Telugu,Environmental Specialist
Dede,Doulton,ddoultonrg@istockphoto.com,Female,Tajik,Editor
Milicent,Lambarton,mlambartonrh@cpanel.net,Female,Bislama,Web Developer II
Ninette,Burgum,nburgumri@bravesites.com,Female,Marathi,Senior Sales Associate
Boycey,Fretwell,bfretwellrj@sina.com.cn,Male,Assamese,Software Test Engineer IV
Fayth,Tuttiett,ftuttiettrk@ustream.tv,Female,Greek,Marketing Assistant
Hubie,Belloch,hbellochrl@bbb.org,Male,Kyrgyz,Financial Advisor
Ware,Chalkly,wchalklyrm@economist.com,Male,Bosnian,Assistant Media Planner
Von,Duckett,vduckettrn@goo.gl,Genderqueer,Spanish,Chief Design Engineer
Jayme,McCooke,jmccookero@epa.gov,Male,Norwegian,Assistant Media Planner
Davon,Hulcoop,dhulcooprp@freewebs.com,Male,Estonian,Safety Technician I
Kassandra,Seeley,kseeleyrq@adobe.com,Female,Punjabi,Software Engineer III
Peder,Simmins,psimminsrr@marriott.com,Male,Dutch,Product Engineer